{
    "colleges":{"college_name": "University of Michigan",
             "tuition_fees": "$17,346 (in-state), $49,640 (out-of-state)", 
            "positives": "Public university with excellent robotics and mechanical engineering programs, Affordable tuition fees (especially for in-state students), Strong research focus",
            "negatives": "Competitive admissions, High cost of living in Ann Arbor","probability_of_admission":"Medium"
        },
    "transcripts":{
        "student_name": "John Doe",
        "high_school": "Pinnacle High School",
        "gpa": 4.0,
        "robotics_courses": "AP Computer Science A, AP Physics C, Robotics I, Robotics II",
        "robotics_extracurriculars": "Robotics Club President, FIRST Robotics Competition Team Captain",
        "robotics_awards": "FIRST Robotics Competition World Championship Finalist"
        },
    "credits": "I want to apply to {0} undergrad program in {1}. I am strong in {2} and find {3} difficult. Can you help me with strategies to earn extra credits in {3}.  Respond in JSON format",
    "career_options": {
        "name": "Software Engineer",
        "skills": "Programming languages, Mathematics, Problem-solving, Creativity",
        "majors":"Computer Science, Computer Engineering, Applied Mathematics"
    },
    "roadmap":{
        "9": 
            [
                { "grade":"Grade 9",
                  "course_and_grade_recommendation": "Sub 1 (min B), Sub 2 (min B), Sub3 (Optional),...",
                  "extracurricular_activities": "Example 1, example 2,..." 
            },
            { "grade":"Grade 10",
            "course_and_grade_recommendation": "Sub 1 (min B), Sub 2 (min B), Sub3 (Optional),...",
            "extracurricular_activities": "Example 1, example 2,..." 
            },
            { "grade":"Grade 11",
            "course_and_grade_recommendation": "Sub 1 (min B), Sub 2 (min B), Sub3 (Optional),...",
            "extracurricular_activities": "Example 1, example 2,..."             },
            { "grade":"Grade 12",
            "course_and_grade_recommendation": "Sub 1 (min B), Sub 2 (min B), Sub3 (Optional),...",
            "extracurricular_activities": "Example 1, example 2,..."                   
            }
        ] ,    
        "10": [{ "grade":"Grade 10",
        "course_and_grade_recommendation": "Sub 1 (min B), Sub 2 (min B), Sub3 (Optional),...",
        "extracurricular_activities": "Example 1, example 2,.." 
                },
                { "grade":"Grade 11",
                "course_and_grade_recommendation": "Sub 1 (min B), Sub 2 (min B), Sub3 (Optional),...",
        "extracurricular_activities": "Example 1, example 2,.." 
                 },
                { "grade":"Grade 12",
                "course_and_grade_recommendation": "Sub 1 (min B), Sub 2 (min B), Sub3 (Optional),...",
        "extracurricular_activities": "Example 1, example 2,.." 
        
                }
            ],
        "11": [ 
  { "grade":"Grade 11",
        "course_and_grade_recommendation": "Sub 1 (min B), Sub 2 (min B), Sub3 (Optional),...",
        "extracurricular_activities": "Example 1, example 2,.." 
  },
  { "grade":"Grade 12",
        "course_and_grade_recommendation": "Sub 1 (min B), Sub 2 (min B), Sub3 (Optional),...",
        "extracurricular_activities": "Example 1, example 2,.." 
        
  }
]     ,
        "12": [
            { "grade":"Grade 12",
        "course_and_grade_recommendation": "Sub 1 (min B), Sub 2 (min B), Sub3 (Optional),...",
        "extracurricular_activities": "Example 1, example 2,.." 
        
  }
]  
    
     
            
              
            },
"essays":

[
    {
      "area": "content",
      "review": "content review",
      "score": "1-10"
    },
    {
      "area": "organization",
      "review": "",
      "score": "1-10"
    },
    {
      "area": "grammar and mechanics",
      "review": "",
      "score": "1-10"
    },
    {
      "area": "style",
      "review": "",
      "score": "1-10"
    },
    {
      "area": "fit",
      "review": "",
      "score":"1-10"
    },
    {
      "area": "diversity",
      "review": "",
      "score": "1-10"
    },
    {
      "area": "authenticity",
      "review": "",
      "score": "1-10"
    }
  ]
    
}