{
    "general_notifications": [
        {"title": "👋 Have You dabbLed Today?", "message": "Explore new opportunities, connect with peers, or just see what's new. It's always a good time to dabbL!"},
        {"title": "✨ What Will You dabbL In Today?", "message": "Take a moment to explore something new. Whether it's a career path or a college, your journey starts with dabbL."},
        {"title": "👀 Have You Seen What's New?", "message": "Fresh content, new opportunities, and more! Log in to dabbL and explore what's new this week."},
        {"title": "🔍 Find Your Next Adventure on dabbL!", "message": "There's always something new to discover on dabbL. What will you explore today?"},
        {"title": "🌟 Keep the Momentum Going with dabbL!", "message": "Consistency is key to success. Log in today and take one step toward your goals on dabbL."},
        {"title": "💼 Explore New Opportunities on dabbL!", "message": "Check out the latest opportunities on dabbL. Your next big break could be just a click away!"}
    ],
    "fun_fact_notifications": [
        {"title": "🤔 Career Fact!", "message": "Did you know? The average person spends about 90,000 hours at work over their lifetime. Make sure it's something you love—explore careers on dabbL!"},
        {"title": "🏛 College Fun Fact!", "message": "Did you know? There are over 5,000 colleges in the U.S. alone. Ready to find your perfect match? Start your search on dabbL!"},
        {"title": "🎓 Where Leaders Are Made!", "message": "Did you know? More U.S. presidents have graduated from Harvard than any other university. Ready to make your mark? Explore top-ranked colleges on dabbL!"},
        {"title": "🍦 Sweetest Major Ever?", "message": "Did you know? Penn State offers a course on the Science of Ice Cream. Imagine studying your favorite dessert! Ready to find your perfect college fit? Start exploring on dabbL!"},
        {"title": "🤔 Did You Know?", "message": "The most popular college major in the U.S. is Business Administration. Is it the right fit for you? Explore more majors on dabbL!"},
        {"title": "🌶️ Discover the Hottest Major!", "message": "Did you know? New Mexico State University has a Chile Pepper Institute dedicated to studying chili peppers. Ready to find a college as unique as you? Explore your fit on dabbL!"}
    ]
}