{
    "colleges":"I am a {grade}th grade High School student from {school}, {state}. I am okay with out state colleges as well.    My GPA is {gpa}.     I have taken the following courses {courses} and I already have credits for {credits}. I participate in extra-curricular activities like {extra}. I am interested in {field_of_interest}. I have a tution fee budget of {tution_budget_per_year} per year. Can you recommend {num_colleges} colleges in this field with good programs in these fields where I have a high chance to get in? You can rank order them. Please respond in a JSON format with a reason why an option looks good for me. I want the following fields in the JSON. Fields - college_name, tution_fees (string), positives, negatives, probability of my admission (High/Medium/Low). Please use the below example for the JSON schema. Please validate JSON and ensure all values are double-quoted strings. I don't want any additional comments, just the JSON. \nexample:{example}",
    "transcripts":"Can you give me {0} sample high school transcripts for {1} that have been accepted for {2} program in the last {3} years. Respond in JSON format. Please use the below example for the JSON schema.",
    "credits": "I want to apply to {0} undergrad program in {1}. I am strong in {2} and find {3} difficult. Can you help me with strategies to earn extra credits in {3}.  Respond in JSON format. Please use the below example for the JSON schema. Please validate JSON and ensure all values are double-quoted strings.",
    "career_options": "I am about to start high school and would like your guidance on possible career options that I can target. I love {strength} subjects and also enjoy {extra_curricular}. I however find {weakness} difficult and/or not too interesting. Can you please give me a list of atleast 10 career options based on my interests in JSON format. Fields - name, skills and majors. Please use the below example for the JSON schema. Please validate JSON and ensure all values are double-quoted strings.\nexample:{example}",
    "roadmap":
    {"9":"I am from {school} studying in my 9th grade. I want to target getting admission at {target_college} in the field of {target_field}. I have taken the following courses: {courses} and have {gpa} GPA.  I currently participate in the following extra curricular activities - {extra}. Please refer to my course catalog {course_catalog} from {school} and recommend me a 4 year plan based on my current courses, current GPA and future courses in 9th, 10th, 11th and 12th grade. Please respond in JSON format. Please use the below example for the JSON schema. Please validate JSON and ensure all values are double-quoted strings. \nexample:{example}",
    "10":"I am from {school} studying in my 10th grade. I want to target getting admission at {target_college} in the field of {target_field}. I have taken the following courses: {courses} {gpa} GPA. I currently participate in the following extra curricular activities - {extra}. Please refer to my course catalog {course_catalog} from {school} and recommend me a 3 year plan based on my current courses, current GPA and future courses in 10th, 11th and 12th grade. Please respond in JSON format. Please use the below example for the JSON schema. Please validate JSON and ensure all values are double-quoted strings.\nexample:{example}",
    "11":"I am from {school} studying in my 11th grade. I want to target getting admission at {target_college} in the field of {target_field}. I have taken the following courses: {courses} {gpa} GPA. I currently participate in the following extra curricular activities - {extra}. Please refer to my course catalog {course_catalog} from {school} and recommend me a 2 year plan based on my current courses, current GPA and future courses in 11th and 12th grade. Please respond in JSON format. Please use the below example for the JSON schema. Please validate JSON and ensure all values are double-quoted strings.\nexample:{example}",
    "12":"I am from {school} studying in my 12th grade. I want to target getting admission at {target_college} in the field of {target_field}. I have taken the following courses {courses} {gpa} GPA. I currently participate in the following extra curricular activities - {extra}. Please refer to my course catalog {course_catalog} from {school} and recommend me a 1 year plan based on my current courses, current GPA and future courses in 12th grade. Please respond in JSON format per the JSON schema below. Please validate JSON and ensure all values are double-quoted strings.\nexample:{example}"
},
"essays": "Read the following essay carefully and evaluate it based on the following criteria: Content, Grammar, Organization, Fit, Style, Diversity and Authenticity.  Please give evidence and reasoning for the score in each criteria.  Please respond in JSON format per the example given below. Please validate JSON and ensure all values are double-quoted strings. essay: {essay}\nexample:{example}"
}