{
  "colleges": {
    "college_name": "University of Michigan",
    "tuition_fees": "$17,346 (in-state), $49,640 (out-of-state)",
    "positives": "Public university with excellent robotics and mechanical engineering programs, Affordable tuition fees (especially for in-state students), Strong research focus",
    "negatives": "Competitive admissions, High cost of living in Ann Arbor",
    "why_this_recommendation": "You are a local resident, and with your extra curriculars, this college is a great fit for you",
    "acceptance_rate": "40% (in-state), 17% (out-of-state)",
    "classification": "Safety"
  },
  "transcripts": {
    "student_name": "John Doe",
    "high_school": "Pinnacle High School",
    "gpa": 4.0,
    "robotics_courses": "AP Computer Science A, AP Physics C, Robotics I, Robotics II",
    "robotics_extracurriculars": "Robotics Club President, FIRST Robotics Competition Team Captain",
    "robotics_awards": "FIRST Robotics Competition World Championship Finalist"
  },
  "credits": "I want to apply to {0} undergrad program in {1}. I am strong in {2} and find {3} difficult. Can you help me with strategies to earn extra credits in {3}.  Respond in JSON format",
  "career_options": {
    "career_name": "Software Engineer",
    "career_description": "A Software Engineer is a professional who applies engineering principles to the design, development, maintenance, testing, and evaluation of the software that enables computers or other devices to perform their functions",
    "why_this_recommendation": "Your strong background in robotics and computer science makes you well-suited for a career in software engineering. Software engineers use their programming skills to develop software applications, systems, and tools that are used in a variety of industries, including robotics. Your experience in robotics will give you a unique perspective on software development and help you excel in this field",
    "skills": "Programming languages, Mathematics, Problem-solving, Creativity",
    "majors": "Computer Science, Computer Engineering, Applied Mathematics",
    "median_salary": "$110000/year",
    "job_duties": "Software Engineers are responsible for executing the full software development lifecycle, which includes gathering user requirements, defining system functionality, writing code in various languages, and creating software that is well-designed, testable, and efficient. They often work in an office setting, collaborating with other engineers, developers, and IT professionals to develop software solutions that meet the needs of users and businesses",
    "career_outlook": "The demand for Software Engineers is high due to the digital transformation across industries and the integration of advanced technology. The average annual salary for a Software Engineer is $93,959, with senior software engineers earning more on average. The Bureau of Labor Statistics projects that software engineer jobs will grow by 26% from 2022 to 2032, which is significantly faster than the average for all occupations"
  },
  "roadmap": {
    "9": [
      {
        "grade": "Grade 9",
        "course_and_grade_recommendation": "Sub 1 (min B), Sub 2 (min B), Sub3 (Optional),...",
        "extracurricular_activities": "Example 1, example 2,..."
      },
      {
        "grade": "Grade 10",
        "course_and_grade_recommendation": "Sub 1 (min B), Sub 2 (min B), Sub3 (Optional),...",
        "extracurricular_activities": "Example 1, example 2,..."
      },
      {
        "grade": "Grade 11",
        "course_and_grade_recommendation": "Sub 1 (min B), Sub 2 (min B), Sub3 (Optional),...",
        "extracurricular_activities": "Example 1, example 2,..."
      },
      {
        "grade": "Grade 12",
        "course_and_grade_recommendation": "Sub 1 (min B), Sub 2 (min B), Sub3 (Optional),...",
        "extracurricular_activities": "Example 1, example 2,..."
      }
    ],
    "10": [
      {
        "grade": "Grade 10",
        "course_and_grade_recommendation": "Sub 1 (min B), Sub 2 (min B), Sub3 (Optional),...",
        "extracurricular_activities": "Example 1, example 2,.."
      },
      {
        "grade": "Grade 11",
        "course_and_grade_recommendation": "Sub 1 (min B), Sub 2 (min B), Sub3 (Optional),...",
        "extracurricular_activities": "Example 1, example 2,.."
      },
      {
        "grade": "Grade 12",
        "course_and_grade_recommendation": "Sub 1 (min B), Sub 2 (min B), Sub3 (Optional),...",
        "extracurricular_activities": "Example 1, example 2,.."
      }
    ],
    "11": [
      {
        "grade": "Grade 11",
        "course_and_grade_recommendation": "Sub 1 (min B), Sub 2 (min B), Sub3 (Optional),...",
        "extracurricular_activities": "Example 1, example 2,.."
      },
      {
        "grade": "Grade 12",
        "course_and_grade_recommendation": "Sub 1 (min B), Sub 2 (min B), Sub3 (Optional),...",
        "extracurricular_activities": "Example 1, example 2,.."
      }
    ],
    "12": [
      {
        "grade": "Grade 12",
        "course_and_grade_recommendation": "Sub 1 (min B), Sub 2 (min B), Sub3 (Optional),...",
        "extracurricular_activities": "Example 1, example 2,.."
      }
    ]
  },
  "essay_review": [
    {
      "criterion": "content",
      "feedback": "content review",
      "score": "1-10",
      "suggestions": "content suggestions"
    },
    {
      "criterion": "organization",
      "feedback": "",
      "score": "1-10",
      "suggestions": ""
    },
    {
      "criterion": "grammar and mechanics",
      "feedback": "",
      "score": "1-10",
      "suggestions": ""
    },
    {
      "criterion": "style",
      "feedback": "",
      "score": "1-10",
      "suggestions": ""
    },
    {
      "criterion": "fit",
      "feedback": "",
      "score": "1-10",
      "suggestions": ""
    },
    {
      "criterion": "diversity",
      "feedback": "",
      "score": "1-10",
      "suggestions": ""
    },
    {
      "criterion": "authenticity",
      "feedback": "",
      "score": "1-10",
      "suggestions": ""
    }
  ],
  "letter_of_recommendation": {
    "Strengths": "strengths",
    "Areas for Improvement": "areas",
    "Summary": "summary"
  },
  "LoR": {
    "personality": "student personality",
    "academic strengths": "academic strengths",
    "areas of improvement": "areas of improvement",
    "summary": "summary of student recommendation"
  }
}